投稿日時,曜日,画像,メディアタイプ,Imp数（全体）,Imp数（ハッシュタグ）,Imp数（発見）,リーチ数,いいね数,コメント数,保存数,エンゲージメント率,商品ページ表示数,商品ボタンクリック数,使用ハッシュタグ数,人気投稿掲載数,Imp数（全体）,リーチ数,いいね数,コメント数,保存数,エンゲージメント率,画像URL,ハッシュタグ,人気投稿掲載タグ,ラベル
2023/05/01 08:00,Mon,画像データが  ありません,カルーセル(2),3615,352,,2933,87,0,5,0.00852246,,,30,0,3068,,83,0,4,0.00833493,https://www.instagram.com/p/CrrY8ZzLgnj,#阪急三番街 #hankyusanbangai #三番街 #イロドリ三番街 #阪急三番街グルメ #阪急三番街ランチ #大阪梅田 #梅田 #梅田グルメ #梅田ランチ #梅田イベント #大阪 #大阪グルメ #大阪ランチ #大阪イベント #大阪おでかけ #関西イベント #ゴールデンウィーク #ゴールデンウィークイベント #阪急電車フェスティバル #阪急電車 #阪急電鉄 #阪急電車コラボ #神戸ベル #お子様ランチ #おいしいもの #foodstagram #お子様歓迎 #お子様連れ大歓迎 #子鉄 ,,
2023/05/01 12:01,Mon,画像データが  ありません,カルーセル(2),3398,646,,2896,72,0,1,0.00676239,,,29,1,2817,,69,0,1,0.00680207,https://www.instagram.com/p/Crr0cX9OAEc,#阪急三番街 #hankyusanbangai #三番街 #イロドリ三番街 #阪急三番街グルメ #阪急三番街ランチ #大阪梅田 #梅田 #梅田グルメ #梅田ランチ #梅田イベント #大阪 #大阪グルメ #大阪ランチ #大阪イベント #大阪おでかけ #関西イベント #ゴールデンウィーク #ゴールデンウィークイベント #阪急電車フェスティバル #阪急電車 #阪急電車コラボ #梅八 #お子様ランチ #おいしいもの #foodstagram #お子様歓迎 #お子様連れ大歓迎 #子鉄 ,#イロドリ三番街 ,
2023/05/01 15:00,Mon,画像データが  ありません,カルーセル(2),3113,357,,2594,70,0,1,0.00657712,,,30,0,2579,,66,0,1,0.00651466,https://www.instagram.com/p/CrsI9oNMiAW,#阪急三番街 #hankyusanbangai #三番街 #イロドリ三番街 #阪急三番街グルメ #阪急三番街ランチ #大阪梅田 #梅田 #梅田グルメ #梅田ランチ #梅田イベント #大阪 #大阪グルメ #大阪ランチ #大阪イベント #大阪おでかけ #関西イベント #ゴールデンウィーク #ゴールデンウィークイベント #阪急電車フェスティバル #阪急電車 #阪急電鉄 #阪急電車コラボ #うを佐 #お子様ランチ #おいしいもの #foodstagram #お子様歓迎 #お子様連れ大歓迎 #子鉄 ,,
2023/05/01 18:00,Mon,画像データが  ありません,カルーセル(2),3399,295,,2863,74,0,1,0.00694766,,,29,0,2749,,71,0,1,0.00689787,https://www.instagram.com/p/CrsdjsXOhP_,#阪急三番街 #hankyusanbangai #三番街 #イロドリ三番街 #umedafiidhall #ウメダフードホール #阪急三番街グルメ #阪急三番街ランチ #大阪梅田 #梅田 #梅田グルメ #梅田ランチ #梅田イベント #大阪 #大阪グルメ #大阪ランチ #大阪イベント #関西イベント #ゴールデンウィーク #ゴールデンウィークイベント #阪急電車フェスティバル #阪急電車 #阪急電鉄 #阪急電車コラボ #名古屋名物みそかつ矢場とん #矢場とん #おいしいもの #foodstagram #子鉄 ,,
2023/05/02 08:01,Tue,画像データが  ありません,カルーセル(2),3898,618,,3304,84,0,3,0.00803992,,,28,0,3159,,80,0,3,0.00794791,https://www.instagram.com/p/Crt9xYhsfrH,#阪急三番街 #hankyusanbangai #三番街 #イロドリ三番街 #阪急三番街グルメ #阪急三番街ランチ #大阪梅田 #梅田 #梅田グルメ #梅田ランチ #梅田イベント #大阪 #大阪グルメ #大阪ランチ #大阪イベント #大阪おでかけ #関西イベント #関西おでかけ #ゴールデンウィーク #ゴールデンウィークイベント #阪急電車フェスティバル #阪急電車 #阪急電鉄 #阪急電車コラボ #昔洋食みつけ亭 #おいしいもの #foodstagram #電車好き ,,
2023/05/02 12:00,Tue,画像データが  ありません,カルーセル(2),5372,626,,4417,103,0,5,0.00998059,,,28,1,4516,,98,0,5,0.00986023,https://www.instagram.com/p/CruZLuiuSmy,#阪急三番街 #hankyusanbangai #三番街 #イロドリ三番街 #阪急三番街グルメ #阪急三番街ランチ #大阪梅田 #梅田 #梅田グルメ #梅田ランチ #梅田イベント #大阪 #大阪グルメ #大阪ランチ #大阪イベント #大阪おでかけ #関西イベント #関西おでかけ #ゴールデンウィーク #ゴールデンウィークイベント #阪急電車フェスティバル #阪急電車 #阪急電鉄 #阪急電車コラボ #江戸川 #おいしいもの #foodstagram #電車好き ,#イロドリ三番街 ,
2023/05/02 15:00,Tue,画像データが  ありません,カルーセル(2),3760,494,,3201,84,0,2,0.00794751,,,28,0,2977,,77,0,0,0.00737124,https://www.instagram.com/p/Crutz_RLDdN,#阪急三番街 #hankyusanbangai #三番街 #イロドリ三番街 #阪急三番街グルメ #阪急三番街ランチ #大阪梅田 #梅田 #梅田グルメ #梅田ランチ #梅田イベント #大阪 #大阪グルメ #大阪ランチ #大阪イベント #大阪おでかけ #関西イベント #関西おでかけ #ゴールデンウィーク #ゴールデンウィークイベント #阪急電車フェスティバル #阪急電車 #阪急電鉄 #阪急電車コラボ #おか長 #おいしいもの #foodstagram #電車好き ,,
2023/05/03 12:00,Wed,画像データが  ありません,カルーセル(2),3574,233,,2980,73,0,1,0.0068335,,,28,0,2829,,69,0,1,0.00679686,https://www.instagram.com/p/Crw9-2dv8SO,#阪急三番街 #hankyusanbangai #三番街 #イロドリ三番街 #umedafiidhall #ウメダフードホール #阪急三番街グルメ #阪急三番街ランチ #大阪梅田 #梅田 #梅田グルメ #梅田ランチ #梅田イベント #大阪 #大阪グルメ #大阪ランチ #大阪イベント #関西イベント #ゴールデンウィーク #ゴールデンウィークイベント #阪急電車フェスティバル #阪急電車 #阪急電鉄 #阪急電車コラボ #バラそば屋 #おいしいもの #foodstagram #電車好き ,,
2023/05/03 15:00,Wed,画像データが  ありません,カルーセル(2),4000,370,,3381,86,0,4,0.00829187,,,27,2,3099,,79,0,3,0.00794563,https://www.instagram.com/p/CrxSj32JO6I,#阪急三番街 #hankyusanbangai #三番街 #イロドリ三番街 #阪急三番街グルメ #阪急三番街ランチ #大阪梅田 #梅田 #梅田グルメ #梅田ランチ #梅田イベント #大阪 #大阪グルメ #大阪ランチ #大阪イベント #大阪おでかけ #関西イベント #関西おでかけ #ゴールデンウィークイベント #阪急電車フェスティバル #阪急電車 #阪急電鉄 #阪急電車コラボ #がんこ寿司 #おいしいもの #foodstagram #電車好き ,#hankyusanbangai #イロドリ三番街 ,
2023/05/03 18:00,Wed,画像データが  ありません,カルーセル(2),4299,420,,3461,94,0,2,0.00884467,,,29,1,3328,,86,0,3,0.00861574,https://www.instagram.com/p/CrxnMoDM_43,#阪急三番街 #hankyusanbangai #三番街 #イロドリ三番街 #阪急三番街グルメ #阪急三番街スイーツ #阪急三番街カフェ #大阪梅田 #梅田 #梅田グルメ #梅田スイーツ #梅田カフェ #梅田イベント #大阪 #大阪グルメ #大阪スイーツ #大阪カフェ #大阪イベント #関西イベント #ゴールデンウィークイベント #阪急電車フェスティバル #阪急電車 #阪急電鉄 #阪急電車コラボ #シルクレーム #おいしいもの #スイーツ好き #foodstagram #電車好き ,#イロドリ三番街 ,
2023/05/04 12:00,Thu,画像データが  ありません,カルーセル(2),4507,310,,3732,87,0,2,0.00818843,,,30,2,3514,,77,0,2,0.0075627,https://www.instagram.com/p/CrziyUWx2Mk,#阪急三番街 #hankyusanbangai #三番街 #イロドリ三番街 #阪急三番街グルメ #阪急三番街スイーツ #阪急三番街カフェ #大阪梅田 #梅田 #梅田グルメ #梅田スイーツ #梅田カフェ #梅田イベント #大阪 #大阪グルメ #大阪スイーツ #大阪カフェ #大阪イベント #関西イベント #ゴールデンウィークイベント #阪急電車フェスティバル #阪急電車 #阪急電鉄 #阪急電車コラボ #台湾甜商店 #タイワンテンショウテン #スイーツ好き #おいしいもの #foodstagram #電車好き ,#hankyusanbangai #イロドリ三番街 ,
2023/05/04 15:00,Thu,画像データが  ありません,カルーセル(2),3925,216,,3240,77,0,2,0.00726838,,,29,2,2979,,68,0,1,0.0066054,https://www.instagram.com/p/Crz3UiMrKXu,#阪急三番街 #hankyusanbangai #三番街 #イロドリ三番街 #阪急三番街グルメ #阪急三番街スイーツ #阪急三番街カフェ #大阪梅田 #梅田 #梅田グルメ #梅田スイーツ #梅田カフェ #梅田イベント #大阪 #大阪グルメ #大阪スイーツ #大阪カフェ #大阪イベント #関西イベント #ゴールデンウィークイベント #阪急電車フェスティバル #阪急電車 #阪急電鉄 #阪急電車コラボ #プロムナードカフェ #おいしいもの #スイーツ好き #foodstagram #電車好き ,#hankyusanbangai #イロドリ三番街 ,
2023/05/04 18:00,Thu,画像データが  ありません,カルーセル(2),4737,255,,3821,89,0,0,0.00818767,,,29,3,3715,,76,0,0,0.00727551,https://www.instagram.com/p/Cr0MBDUv0i3,#阪急三番街 #hankyusanbangai #三番街 #イロドリ三番街 #umedafoodhall #ウメダフードホール #阪急三番街グルメ #阪急三番街スイーツ #阪急三番街カフェ #大阪梅田 #梅田 #梅田グルメ #梅田スイーツ #梅田カフェ #梅田イベント #大阪 #大阪グルメ #大阪スイーツ #大阪カフェ #大阪イベント #関西イベント #ゴールデンウィークイベント #阪急電車フェスティバル #阪急電車 #阪急電車コラボ #アンドコーヒー #メゾンカイザー #スイーツ好き #電車好き ,#hankyusanbangai #イロドリ三番街 #梅田イベント ,
2023/05/13 12:00,Sat,画像データが  ありません,カルーセル(6),7871,456,,6549,272,0,26,0.0275187,,,30,1,6401,,261,0,17,0.0266807,https://www.instagram.com/p/CsKt9U9OpFY,#阪急三番街 #hankyusanbangai #三番街 #イロドリ三番街 #阪急三番街グルメ #阪急三番街ランチ #阪急三番街ディナー #大阪梅田 #梅田 #梅田グルメ #梅田ランチ #梅田ディナー #梅田とんかつ #大阪 #大阪グルメ #大阪ランチ #大阪ディナー #大阪とんかつ #大阪豚カツ #大阪グルメ情報 #とんかつkyk #とんかつ #トンカツ #鹿児島黒豚 #黒豚 #黒豚とんかつ #阪急三番街_和食 #阪急三番街_お肉 #阪急三番街_揚げもん粉もん #阪急三番街_定食 ,#イロドリ三番街 ,
2023/05/14 12:00,Sun,画像データが  ありません,カルーセル(6),5808,97,,4635,195,0,12,0.0190713,,,30,2,4552,,187,0,9,0.0188139,https://www.instagram.com/p/CsNSwGqu4qM,#阪急三番街 #hankyusanbangai #三番街 #イロドリ三番街 #阪急三番街グルメ #阪急三番街ディナー #大阪梅田 #梅田 #梅田グルメ #梅田ディナー #梅田寿司 #梅田海鮮 #大阪 #大阪グルメ #大阪ディナー #大阪寿司 #大阪グルメ情報 #うを佐 #お寿司 #お寿司屋さん #職人技 #お寿司🍣 #お寿司大好き #すき焼き #握り #お刺身 #グルメ旅 #ごちそう #阪急三番街_和食 #阪急三番街_寿司海鮮 ,#大阪梅田 #イロドリ三番街 ,
2023/05/17 08:00,Wed,画像データが  ありません,カルーセル(6),7185,809,,5985,243,0,28,0.0251042,,,30,2,5431,,232,0,20,0.0242112,https://www.instagram.com/p/CsUlpEUP9RU,#阪急三番街 #hankyusanbangai #三番街 #イロドリ三番街 #阪急三番街グルメ #阪急三番街ランチ #阪急三番街ディナー #大阪梅田 #梅田 #梅田グルメ #梅田ランチ #梅田ディナー #梅田牛タン #大阪 #大阪グルメ #大阪ランチ #大阪ディナー #大阪牛タン #大阪グルメ情報 #もりの屋 #牛タン #にくすたぐらむ #牛タン定食 #肉活 #牛たん #牛たん定食 #タンシチュー #牛たんシチュー #阪急三番街_和食 #阪急三番街_お肉 ,#hankyusanbangai #イロドリ三番街 ,
2023/05/24 12:20,Wed,画像データが  ありません,カルーセル(6),8000,706,,6568,201,0,40,0.0222551,,,28,3,5874,,181,0,30,0.0203306,https://www.instagram.com/p/CsnE9BnSUuL,#阪急三番街 #hankyusanbangai #三番街 #イロドリ三番街 #umedafoodhall #ウメダフードホール #阪急三番街グルメ #阪急三番街ランチ #阪急三番街ディナー #大阪梅田 #梅田 #梅田グルメ #梅田ランチ #梅田ディナー #梅田洋食 #大阪 #大阪グルメ #大阪ランチ #大阪ディナー #大阪洋食 #大阪グルメ巡り #ミアキッチン #洋食屋 #食レポ #トルコライス #ハイカラライス #阪急三番街_洋食 #阪急三番街_丼カレー ,#阪急三番街ランチ #イロドリ三番街 #hankyusanbangai ,
2023/05/27 12:00,Sat,画像データが  ありません,カルーセル(6),6516,389,,5419,170,0,24,0.0178145,,,30,2,5054,,162,0,22,0.0175372,https://www.instagram.com/p/CsuxGzwyG-7,#阪急三番街 #hankyusanbangai #三番街 #イロドリ三番街 #阪急三番街グルメ #阪急三番街ランチ #阪急三番街ディナー #大阪梅田 #梅田 #梅田グルメ #梅田ランチ #梅田ディナー #梅田中華 #梅田ちゃんぽん #大阪 #大阪グルメ #大阪ランチ #大阪ディナー #大阪中華 #大阪ちゃんぽん #大阪グルメ巡り #中華獅子林 #揚げ麺 #皿うどん #食レポ #町中華 #麺スタグラム #めんすたぐらむ #中華酒場 #中華好き ,#イロドリ三番街 #中華獅子林 ,
2023/05/28 12:00,Sun,画像データが  ありません,カルーセル(6),5799,382,,4655,154,0,18,0.0157943,,,28,1,4338,,148,0,14,0.0153278,https://www.instagram.com/p/CsxV0uSyR6v,#阪急三番街 #hankyusanbangai #三番街 #イロドリ三番街 #阪急三番街グルメ #阪急三番街ランチ #阪急三番街ディナー #大阪梅田 #梅田 #梅田グルメ #梅田ランチ #梅田ディナー #梅田居酒屋 #大阪 #大阪グルメ #大阪ランチ #大阪ディナー #大阪居酒屋 #大阪グルメ巡り #大阪グルメ情報 #スシ海鮮酒場おか長 #おか長 #鉄板焼き #食レポ #特製ソース #居酒屋グルメ #阪急三番街_居酒屋 #阪急三番街_お肉 ,#イロドリ三番街 ,
2023/05/29 08:00,Mon,画像データが  ありません,画像,7295,792,,6813,128,0,12,0.0128558,,,27,4,5375,,110,0,4,0.0109662,https://www.instagram.com/p/CszfIGzpD9C,#hankyusanbangai #三番街 #イロドリ三番街 #阪急三番街グルメ #阪急三番街ランチ #大阪梅田 #梅田 #梅田グルメ #梅田ランチ #梅田イベント #阪急三番街イベント #大阪 #大阪グルメ #大阪ランチ #大阪イベント #大阪ワークショップ #大阪ハンドメイド #ワークショップ大阪 #関西イベント #ハンドメイドアクセサリー #ワークショップイベント #手づくり #アートワークショップ #ハンドメイド好きさんと繋がりたい #刺繡 #伝統工芸 #handmade ,#大阪梅田 #イロドリ三番街 #梅田イベント #hankyusanbangai ,