投稿日時,曜日,メディアタイプ,フォロワー数,Imp数（全体）,Imp数（ハッシュタグ）,リーチ数,いいね数,いいね率,保存数,保存率,エンゲージメント率,使用ハッシュタグ数,人気投稿掲載数,ハッシュタグ,人気投稿掲載タグ
2023/05/01 08:00,Mon,カルーセル(2),10228,3708,352,3006,87,0.85%,5,0.05%,0.00838345,30,0,#阪急三番街 #hankyusanbangai #三番街 #イロドリ三番街 #阪急三番街グルメ #阪急三番街ランチ #大阪梅田 #梅田 #梅田グルメ #梅田ランチ #梅田イベント #大阪 #大阪グルメ #大阪ランチ #大阪イベント #大阪おでかけ #関西イベント #ゴールデンウィーク #ゴールデンウィークイベント #阪急電車フェスティバル #阪急電車 #阪急電鉄 #阪急電車コラボ #神戸ベル #お子様ランチ #おいしいもの #foodstagram #お子様歓迎 #お子様連れ大歓迎 #子鉄 ,
2023/05/01 12:01,Mon,カルーセル(2),10228,3491,646,2950,72,0.70%,1,0.01%,0.00665209,29,1,#阪急三番街 #hankyusanbangai #三番街 #イロドリ三番街 #阪急三番街グルメ #阪急三番街ランチ #大阪梅田 #梅田 #梅田グルメ #梅田ランチ #梅田イベント #大阪 #大阪グルメ #大阪ランチ #大阪イベント #大阪おでかけ #関西イベント #ゴールデンウィーク #ゴールデンウィークイベント #阪急電車フェスティバル #阪急電車 #阪急電車コラボ #梅八 #お子様ランチ #おいしいもの #foodstagram #お子様歓迎 #お子様連れ大歓迎 #子鉄 ,#イロドリ三番街 
2023/05/01 15:00,Mon,カルーセル(2),10228,3224,357,2693,70,0.68%,1,0.01%,0.00646984,30,0,#阪急三番街 #hankyusanbangai #三番街 #イロドリ三番街 #阪急三番街グルメ #阪急三番街ランチ #大阪梅田 #梅田 #梅田グルメ #梅田ランチ #梅田イベント #大阪 #大阪グルメ #大阪ランチ #大阪イベント #大阪おでかけ #関西イベント #ゴールデンウィーク #ゴールデンウィークイベント #阪急電車フェスティバル #阪急電車 #阪急電鉄 #阪急電車コラボ #うを佐 #お子様ランチ #おいしいもの #foodstagram #お子様歓迎 #お子様連れ大歓迎 #子鉄 ,
2023/05/01 18:00,Mon,カルーセル(2),10228,3536,295,2963,74,0.72%,2,0.02%,0.00692546,29,0,#阪急三番街 #hankyusanbangai #三番街 #イロドリ三番街 #umedafiidhall #ウメダフードホール #阪急三番街グルメ #阪急三番街ランチ #大阪梅田 #梅田 #梅田グルメ #梅田ランチ #梅田イベント #大阪 #大阪グルメ #大阪ランチ #大阪イベント #関西イベント #ゴールデンウィーク #ゴールデンウィークイベント #阪急電車フェスティバル #阪急電車 #阪急電鉄 #阪急電車コラボ #名古屋名物みそかつ矢場とん #矢場とん #おいしいもの #foodstagram #子鉄 ,
2023/05/02 08:01,Tue,カルーセル(2),10228,4057,618,3439,84,0.82%,3,0.03%,0.00793,28,0,#阪急三番街 #hankyusanbangai #三番街 #イロドリ三番街 #阪急三番街グルメ #阪急三番街ランチ #大阪梅田 #梅田 #梅田グルメ #梅田ランチ #梅田イベント #大阪 #大阪グルメ #大阪ランチ #大阪イベント #大阪おでかけ #関西イベント #関西おでかけ #ゴールデンウィーク #ゴールデンウィークイベント #阪急電車フェスティバル #阪急電車 #阪急電鉄 #阪急電車コラボ #昔洋食みつけ亭 #おいしいもの #foodstagram #電車好き ,
2023/05/02 12:00,Tue,カルーセル(2),10228,5461,626,4487,103,1.01%,5,0.05%,0.00989283,28,1,#阪急三番街 #hankyusanbangai #三番街 #イロドリ三番街 #阪急三番街グルメ #阪急三番街ランチ #大阪梅田 #梅田 #梅田グルメ #梅田ランチ #梅田イベント #大阪 #大阪グルメ #大阪ランチ #大阪イベント #大阪おでかけ #関西イベント #関西おでかけ #ゴールデンウィーク #ゴールデンウィークイベント #阪急電車フェスティバル #阪急電車 #阪急電鉄 #阪急電車コラボ #江戸川 #おいしいもの #foodstagram #電車好き ,#イロドリ三番街 
2023/05/02 15:00,Tue,カルーセル(2),10228,3843,494,3269,84,0.82%,2,0.02%,0.00787762,28,0,#阪急三番街 #hankyusanbangai #三番街 #イロドリ三番街 #阪急三番街グルメ #阪急三番街ランチ #大阪梅田 #梅田 #梅田グルメ #梅田ランチ #梅田イベント #大阪 #大阪グルメ #大阪ランチ #大阪イベント #大阪おでかけ #関西イベント #関西おでかけ #ゴールデンウィーク #ゴールデンウィークイベント #阪急電車フェスティバル #阪急電車 #阪急電鉄 #阪急電車コラボ #おか長 #おいしいもの #foodstagram #電車好き ,
2023/05/03 12:00,Wed,カルーセル(2),10228,3649,233,3063,73,0.71%,1,0.01%,0.00676541,28,0,#阪急三番街 #hankyusanbangai #三番街 #イロドリ三番街 #umedafiidhall #ウメダフードホール #阪急三番街グルメ #阪急三番街ランチ #大阪梅田 #梅田 #梅田グルメ #梅田ランチ #梅田イベント #大阪 #大阪グルメ #大阪ランチ #大阪イベント #関西イベント #ゴールデンウィーク #ゴールデンウィークイベント #阪急電車フェスティバル #阪急電車 #阪急電鉄 #阪急電車コラボ #バラそば屋 #おいしいもの #foodstagram #電車好き ,
2023/05/03 15:00,Wed,カルーセル(2),10228,4097,370,3444,86,0.84%,4,0.04%,0.00822143,27,2,#阪急三番街 #hankyusanbangai #三番街 #イロドリ三番街 #阪急三番街グルメ #阪急三番街ランチ #大阪梅田 #梅田 #梅田グルメ #梅田ランチ #梅田イベント #大阪 #大阪グルメ #大阪ランチ #大阪イベント #大阪おでかけ #関西イベント #関西おでかけ #ゴールデンウィークイベント #阪急電車フェスティバル #阪急電車 #阪急電鉄 #阪急電車コラボ #がんこ寿司 #おいしいもの #foodstagram #電車好き ,#hankyusanbangai #イロドリ三番街 
2023/05/03 18:00,Wed,カルーセル(2),10228,4404,420,3572,95,0.93%,2,0.02%,0.00876953,29,1,#阪急三番街 #hankyusanbangai #三番街 #イロドリ三番街 #阪急三番街グルメ #阪急三番街スイーツ #阪急三番街カフェ #大阪梅田 #梅田 #梅田グルメ #梅田スイーツ #梅田カフェ #梅田イベント #大阪 #大阪グルメ #大阪スイーツ #大阪カフェ #大阪イベント #関西イベント #ゴールデンウィークイベント #阪急電車フェスティバル #阪急電車 #阪急電鉄 #阪急電車コラボ #シルクレーム #おいしいもの #スイーツ好き #foodstagram #電車好き ,#イロドリ三番街 
2023/05/04 12:00,Thu,カルーセル(2),10228,4595,310,3815,87,0.85%,2,0.02%,0.0081197,30,2,#阪急三番街 #hankyusanbangai #三番街 #イロドリ三番街 #阪急三番街グルメ #阪急三番街スイーツ #阪急三番街カフェ #大阪梅田 #梅田 #梅田グルメ #梅田スイーツ #梅田カフェ #梅田イベント #大阪 #大阪グルメ #大阪スイーツ #大阪カフェ #大阪イベント #関西イベント #ゴールデンウィークイベント #阪急電車フェスティバル #阪急電車 #阪急電鉄 #阪急電車コラボ #台湾甜商店 #タイワンテンショウテン #スイーツ好き #おいしいもの #foodstagram #電車好き ,#hankyusanbangai #イロドリ三番街 
2023/05/04 15:00,Thu,カルーセル(2),10228,4001,216,3309,77,0.75%,2,0.02%,0.00720737,29,2,#阪急三番街 #hankyusanbangai #三番街 #イロドリ三番街 #阪急三番街グルメ #阪急三番街スイーツ #阪急三番街カフェ #大阪梅田 #梅田 #梅田グルメ #梅田スイーツ #梅田カフェ #梅田イベント #大阪 #大阪グルメ #大阪スイーツ #大阪カフェ #大阪イベント #関西イベント #ゴールデンウィークイベント #阪急電車フェスティバル #阪急電車 #阪急電鉄 #阪急電車コラボ #プロムナードカフェ #おいしいもの #スイーツ好き #foodstagram #電車好き ,#hankyusanbangai #イロドリ三番街 
2023/05/04 18:00,Thu,カルーセル(2),10228,4807,255,3873,90,0.88%,0,0.00%,0.00812192,29,3,#阪急三番街 #hankyusanbangai #三番街 #イロドリ三番街 #umedafoodhall #ウメダフードホール #阪急三番街グルメ #阪急三番街スイーツ #阪急三番街カフェ #大阪梅田 #梅田 #梅田グルメ #梅田スイーツ #梅田カフェ #梅田イベント #大阪 #大阪グルメ #大阪スイーツ #大阪カフェ #大阪イベント #関西イベント #ゴールデンウィークイベント #阪急電車フェスティバル #阪急電車 #阪急電車コラボ #アンドコーヒー #メゾンカイザー #スイーツ好き #電車好き ,#hankyusanbangai #イロドリ三番街 #梅田イベント 
2023/05/13 12:00,Sat,カルーセル(6),10228,8017,456,6650,272,2.66%,27,0.26%,0.0273434,30,1,#阪急三番街 #hankyusanbangai #三番街 #イロドリ三番街 #阪急三番街グルメ #阪急三番街ランチ #阪急三番街ディナー #大阪梅田 #梅田 #梅田グルメ #梅田ランチ #梅田ディナー #梅田とんかつ #大阪 #大阪グルメ #大阪ランチ #大阪ディナー #大阪とんかつ #大阪豚カツ #大阪グルメ情報 #とんかつkyk #とんかつ #トンカツ #鹿児島黒豚 #黒豚 #黒豚とんかつ #阪急三番街_和食 #阪急三番街_お肉 #阪急三番街_揚げもん粉もん #阪急三番街_定食 ,#イロドリ三番街 
2023/05/14 12:00,Sun,カルーセル(6),10228,5938,97,4734,196,1.92%,11,0.11%,0.0188042,30,2,#阪急三番街 #hankyusanbangai #三番街 #イロドリ三番街 #阪急三番街グルメ #阪急三番街ディナー #大阪梅田 #梅田 #梅田グルメ #梅田ディナー #梅田寿司 #梅田海鮮 #大阪 #大阪グルメ #大阪ディナー #大阪寿司 #大阪グルメ情報 #うを佐 #お寿司 #お寿司屋さん #職人技 #お寿司🍣 #お寿司大好き #すき焼き #握り #お刺身 #グルメ旅 #ごちそう #阪急三番街_和食 #阪急三番街_寿司海鮮 ,#大阪梅田 #イロドリ三番街 
2023/05/17 08:00,Wed,カルーセル(6),10228,7532,809,6245,244,2.39%,30,0.29%,0.0249681,30,2,#阪急三番街 #hankyusanbangai #三番街 #イロドリ三番街 #阪急三番街グルメ #阪急三番街ランチ #阪急三番街ディナー #大阪梅田 #梅田 #梅田グルメ #梅田ランチ #梅田ディナー #梅田牛タン #大阪 #大阪グルメ #大阪ランチ #大阪ディナー #大阪牛タン #大阪グルメ情報 #もりの屋 #牛タン #にくすたぐらむ #牛タン定食 #肉活 #牛たん #牛たん定食 #タンシチュー #牛たんシチュー #阪急三番街_和食 #阪急三番街_お肉 ,#hankyusanbangai #イロドリ三番街 
2023/05/24 12:20,Wed,カルーセル(6),10228,8172,706,6727,202,1.97%,39,0.38%,0.0219419,28,3,#阪急三番街 #hankyusanbangai #三番街 #イロドリ三番街 #umedafoodhall #ウメダフードホール #阪急三番街グルメ #阪急三番街ランチ #阪急三番街ディナー #大阪梅田 #梅田 #梅田グルメ #梅田ランチ #梅田ディナー #梅田洋食 #大阪 #大阪グルメ #大阪ランチ #大阪ディナー #大阪洋食 #大阪グルメ巡り #ミアキッチン #洋食屋 #食レポ #トルコライス #ハイカラライス #阪急三番街_洋食 #阪急三番街_丼カレー ,#阪急三番街ランチ #イロドリ三番街 #hankyusanbangai 
2023/05/27 12:00,Sat,カルーセル(6),10228,6660,389,5512,171,1.67%,24,0.23%,0.0177709,30,2,#阪急三番街 #hankyusanbangai #三番街 #イロドリ三番街 #阪急三番街グルメ #阪急三番街ランチ #阪急三番街ディナー #大阪梅田 #梅田 #梅田グルメ #梅田ランチ #梅田ディナー #梅田中華 #梅田ちゃんぽん #大阪 #大阪グルメ #大阪ランチ #大阪ディナー #大阪中華 #大阪ちゃんぽん #大阪グルメ巡り #中華獅子林 #揚げ麺 #皿うどん #食レポ #町中華 #麺スタグラム #めんすたぐらむ #中華酒場 #中華好き ,#イロドリ三番街 #中華獅子林 
2023/05/28 12:00,Sun,カルーセル(6),10228,5951,382,4775,154,1.51%,18,0.18%,0.0156777,28,1,#阪急三番街 #hankyusanbangai #三番街 #イロドリ三番街 #阪急三番街グルメ #阪急三番街ランチ #阪急三番街ディナー #大阪梅田 #梅田 #梅田グルメ #梅田ランチ #梅田ディナー #梅田居酒屋 #大阪 #大阪グルメ #大阪ランチ #大阪ディナー #大阪居酒屋 #大阪グルメ巡り #大阪グルメ情報 #スシ海鮮酒場おか長 #おか長 #鉄板焼き #食レポ #特製ソース #居酒屋グルメ #阪急三番街_居酒屋 #阪急三番街_お肉 ,#イロドリ三番街 
2023/05/29 08:00,Mon,画像,10228,7359,792,6837,128,1.25%,12,0.12%,0.0128029,27,4,#hankyusanbangai #三番街 #イロドリ三番街 #阪急三番街グルメ #阪急三番街ランチ #大阪梅田 #梅田 #梅田グルメ #梅田ランチ #梅田イベント #阪急三番街イベント #大阪 #大阪グルメ #大阪ランチ #大阪イベント #大阪ワークショップ #大阪ハンドメイド #ワークショップ大阪 #関西イベント #ハンドメイドアクセサリー #ワークショップイベント #手づくり #アートワークショップ #ハンドメイド好きさんと繋がりたい #刺繡 #伝統工芸 #handmade ,#大阪梅田 #イロドリ三番街 #梅田イベント #hankyusanbangai 
2023/03/01 08:00,Wed,カルーセル(3),10228,4956,363,3989,129,1.26%,21,0.21%,0.0136687,30,1,#阪急三番街 #hankyusanbangai #三番街 #イロドリ三番街 #umedafoodhall #ウメダフードホール #阪急三番街グルメ #阪急三番街ランチ #阪急三番街ディナー #大阪梅田 #梅田 #梅田グルメ #梅田ランチ #梅田ディナー #梅田ラーメン #大阪 #大阪グルメ #大阪ランチ #大阪ディナー #大阪ラーメン #大阪グルメ巡り #大阪グルメ情報 #神座 #青藍 #担々麺 #夢のコラボ #食レポ #麺スタグラマー #阪急三番街_中華アジア #阪急三番街_ラーメン ,#イロドリ三番街 
2023/03/01 12:00,Wed,カルーセル(3),10228,5240,479,4357,138,1.35%,19,0.19%,0.0143065,30,3,#阪急三番街 #hankyusanbangai #三番街 #イロドリ三番街 #umedafoodhall #ウメダフードホール #阪急三番街グルメ #阪急三番街ランチ #阪急三番街ディナー #大阪梅田 #梅田 #梅田グルメ #梅田ランチ #梅田ディナー #梅田海鮮丼 #大阪 #大阪グルメ #大阪ランチ #大阪ディナー #大阪海鮮丼 #大阪グルメ情報 #食レポ #大阪堂島とろ家 #とろ家 #日替わり #海鮮丼 #食べ物グラム #阪急三番街_和食 #阪急三番街_寿司海鮮 #阪急三番街_丼カレー ,#阪急三番街ディナー #hankyusanbangai #イロドリ三番街 
2023/03/02 08:01,Thu,カルーセル(3),10228,5980,434,5109,172,1.68%,26,0.25%,0.0181369,29,3,#阪急三番街 #hankyusanbangai #三番街 #イロドリ三番街 #umedafoodhall #ウメダフードホール #阪急三番街グルメ #阪急三番街ランチ #阪急三番街ディナー #大阪梅田 #梅田 #梅田グルメ #梅田ランチ #梅田ディナー #梅田ステーキ #大阪 #大阪グルメ #大阪ランチ #大阪ディナー #大阪ステーキ #大阪グルメ情報 #ステーキ #1ポンドのステーキハンバーグタケル #ステーキタケル #食レポ #ローストビーフ丼 #肉スタグラム #阪急三番街_洋食 #阪急三番街_お肉 ,#阪急三番街ディナー #hankyusanbangai #イロドリ三番街 
2023/03/02 12:00,Thu,画像,10228,3831,447,3428,81,0.79%,2,0.02%,0.00759031,30,1,#阪急三番街 #hankyusanbangai #三番街 #阪急三番街グルメ #阪急三番街ランチ #阪急三番街ディナー #阪急三番街カフェ #阪急三番街スイーツ #大阪梅田 #梅田 #梅田グルメ #ana #airplane #anahawaii #ハワイ #ハワイ旅行 #ハワイグルメ #旅 #旅行 #ホヌ #フライングホヌ #anacouchii #パイロット #キャビンアテンダント #ワークショップ #フラショー #ハワイアンミュージック #ヘザーブラウン #heatherbrown #ウクレレ ,#anacouchii 
2023/03/03 12:00,Fri,画像,10228,3817,469,3488,83,0.81%,2,0.02%,0.00776468,30,2,#阪急三番街 #hankyusanbangai #三番街 #阪急三番街グルメ #阪急三番街ランチ #阪急三番街ディナー #阪急三番街カフェ #阪急三番街スイーツ #大阪梅田 #梅田 #梅田グルメ #ana #anahawaii #airplane #ハワイ #ハワイ旅行 #ハワイグルメ #旅 #旅行 #ホヌ #フライングホヌ #anacouchii #パイロット #キャビンアテンダント #ワークショップ #フラショー #ハワイアンミュージック #ヘザーブラウン #heatherbrown #ウクレレ ,#阪急三番街ディナー #anacouchii 
2023/03/04 12:00,Sat,画像,10228,3598,340,3264,66,0.65%,1,0.01%,0.00611425,30,1,#阪急三番街 #hankyusanbangai #三番街 #阪急三番街グルメ #阪急三番街ランチ #阪急三番街ディナー #阪急三番街カフェ #阪急三番街スイーツ #大阪梅田 #梅田 #梅田グルメ #ana #anahawaii #airplane #ハワイ #ハワイ旅行 #ハワイグルメ #旅 #旅行 #ホヌ #フライングホヌ #anacouchii #パイロット #キャビンアテンダント #ワークショップ #フラショー #ハワイアンミュージック #ヘザーブラウン #heatherbrown #ウクレレ ,#anacouchii 
2023/03/04 14:00,Sat,画像,10228,3145,281,2815,61,0.60%,2,0.02%,0.00574922,30,1,#阪急三番街 #hankyusanbangai #三番街 #阪急三番街グルメ #阪急三番街ランチ #阪急三番街ディナー #阪急三番街カフェ #阪急三番街スイーツ #大阪梅田 #梅田 #梅田グルメ #ana #anahawaii #airplane #ハワイ #ハワイ旅行 #ハワイグルメ #旅 #旅行 #ホヌ #フライングホヌ #anacouchii #パイロット #キャビンアテンダント #ワークショップ #フラショー #ハワイアンミュージック #ヘザーブラウン #heatherbrown #ウクレレ ,#anacouchii 
2023/03/05 12:00,Sun,画像,10228,3746,404,3439,58,0.57%,4,0.04%,0.00565023,30,1,#阪急三番街 #hankyusanbangai #三番街 #阪急三番街グルメ #阪急三番街ランチ #阪急三番街ディナー #阪急三番街カフェ #阪急三番街スイーツ #大阪梅田 #梅田 #梅田グルメ #ana #anahawaii #airplane #ハワイ #ハワイ旅行 #ハワイグルメ #旅 #旅行 #ホヌ #フライングホヌ #anacouchii #パイロット #キャビンアテンダント #ワークショップ #フラショー #ハワイアンミュージック #ヘザーブラウン #heatherbrown #ウクレレ ,#anacouchii 
2023/03/06 12:00,Mon,画像,10228,3578,387,3269,70,0.68%,2,0.02%,0.00656096,30,1,#阪急三番街 #hankyusanbangai #三番街 #阪急三番街グルメ #阪急三番街ランチ #阪急三番街ディナー #阪急三番街カフェ #阪急三番街スイーツ #大阪梅田 #梅田 #梅田グルメ #ana #anahawaii #airplane #ハワイ #ハワイ旅行 #ハワイグルメ #旅 #旅行 #ホヌ #フライングホヌ #anacouchii #パイロット #キャビンアテンダント #ワークショップ #フラショー #ハワイアンミュージック #ヘザーブラウン #heatherbrown #ウクレレ ,#anacouchii 
2023/03/07 12:00,Tue,画像,10228,3483,349,3108,93,0.91%,4,0.04%,0.0088706,30,1,#阪急三番街 #hankyusanbangai #三番街 #阪急三番街グルメ #阪急三番街ランチ #阪急三番街ディナー #阪急三番街カフェ #阪急三番街スイーツ #大阪梅田 #梅田 #梅田グルメ #ana #anahawaii #airplane #ハワイ #ハワイ旅行 #ハワイグルメ #旅 #旅行 #ホヌ #フライングホヌ #anacouchii #パイロット #キャビンアテンダント #ワークショップ #フラショー #ハワイアンミュージック #ヘザーブラウン #heatherbrown #ウクレレ ,#anacouchii 
2023/03/08 08:01,Wed,画像,10228,2986,360,2616,67,0.66%,1,0.01%,0.00621175,30,1,#阪急三番街 #hankyusanbangai #三番街 #阪急三番街グルメ #阪急三番街ランチ #阪急三番街ディナー #阪急三番街カフェ #阪急三番街スイーツ #大阪梅田 #梅田 #梅田グルメ #ana #anahawaii #airplane #ハワイ #ハワイ旅行 #ハワイグルメ #旅 #旅行 #ホヌ #フライングホヌ #anacouchii #パイロット #キャビンアテンダント #ワークショップ #フラショー #ハワイアンミュージック #ヘザーブラウン #heatherbrown #ウクレレ ,#anacouchii 
2023/03/10 18:00,Fri,画像,10228,4710,422,4291,118,1.15%,6,0.06%,0.0113005,21,1,#阪急三番街 #hankyusanbangai #三番街 #イロドリ三番街 #阪急三番街グルメ #阪急三番街ランチ #阪急三番街ディナー #大阪梅田 #梅田 #梅田グルメ #梅田ランチ #梅田ディナー #大阪 #大阪グルメ #大阪ランチ #大阪ディナー #ランチタイム #大阪グルメ情報 #秦基博 #FM802 #内田絢子 ,#イロドリ三番街 
2023/03/11 12:00,Sat,画像,10228,3781,452,3471,124,1.21%,6,0.06%,0.0118462,29,3,#阪急三番街 #hankyusanbangai #三番街 #イロドリ三番街 #阪急三番街グルメ #阪急三番街ランチ #阪急三番街ディナー #阪急三番街テイクアウト #大阪梅田 #梅田 #梅田グルメ #梅田ランチ #梅田ディナー #梅田テイクアウト #大阪 #大阪グルメ #大阪ランチ #大阪ディナー #大阪テイクアウト #大阪グルメ情報 #大阪グルメ巡り #ハワイアングルメ #南国風グルメ #南国グルメ #健康咲かせる手づくり惣菜咲菜 #咲菜 #ロコモコ丼 #foofstagram #グルメ好きと繋がりたい ,#イロドリ三番街 #阪急三番街テイクアウト #hankyusanbangai 
2023/03/11 15:00,Sat,画像,10228,4476,593,4082,137,1.34%,8,0.08%,0.013213,26,2,#阪急三番街 #hankyusanbangai #三番街 #イロドリ三番街 #阪急三番街グルメ #阪急三番街ランチ #阪急三番街ディナー #大阪梅田 #梅田 #梅田グルメ #梅田ランチ #梅田ディナー #大阪 #大阪グルメ #大阪ランチ #大阪ディナー #大阪グルメ情報 #大阪グルメ巡り #ハワイアングルメ #南国風グルメ #南国グルメ #プロムナードカフェ #ロコモコ #オープンサンド #foofstagram #グルメ好きと繋がりたい ,#イロドリ三番街 #hankyusanbangai 
2023/03/11 18:00,Sat,画像,10228,5370,1088,5182,147,1.44%,16,0.16%,0.0148533,29,3,#阪急三番街 #hankyusanbangai #三番街 #イロドリ三番街 #阪急三番街グルメ #阪急三番街ランチ #阪急三番街ディナー #阪急三番街テイクアウト #大阪梅田 #梅田 #梅田グルメ #梅田ランチ #梅田ディナー #梅田テイクアウト #大阪 #大阪グルメ #大阪ランチ #大阪ディナー #大阪テイクアウト #大阪グルメ情報 #大阪グルメ巡り #ハワイアングルメ #南国風グルメ #南国グルメ #ベジフルマーケット #ロコモコ丼 #ロコモコ #foofstagram #グルメ好きと繋がりたい ,#イロドリ三番街 #阪急三番街テイクアウト #hankyusanbangai 
2023/03/12 12:00,Sun,画像,10228,4459,1043,4203,122,1.19%,4,0.04%,0.0115416,30,2,#阪急三番街 #hankyusanbangai #三番街 #イロドリ三番街 #umedafoodhall #ウメダフードホール #阪急三番街グルメ #阪急三番街ランチ #阪急三番街ディナー #阪急三番街テイクアウト #大阪梅田 #梅田 #梅田グルメ #梅田ランチ #梅田ディナー #梅田テイクアウト #大阪 #大阪グルメ #大阪ランチ #大阪ディナー #大阪テイクアウト #大阪グルメ情報 #大阪グルメ巡り #ハワイアングルメ #南国風グルメ #南国グルメ #とろ家 #ポキ丼 #foofstagram #グルメ好きと繋がりたい ,#イロドリ三番街 #阪急三番街テイクアウト 
2023/03/12 15:00,Sun,画像,10228,5345,1476,5121,134,1.31%,7,0.07%,0.0128944,27,4,#阪急三番街 #hankyusanbangai #三番街 #イロドリ三番街 #阪急三番街グルメ #阪急三番街ランチ #阪急三番街ディナー #大阪梅田 #梅田 #梅田グルメ #梅田ランチ #梅田ディナー #大阪 #大阪グルメ #大阪ランチ #大阪ディナー #大阪グルメ情報 #大阪グルメ巡り #ハワイアングルメ #南国風グルメ #南国グルメ #あいち #ポキ丼 #マグロ #サーモン #foofstagram #グルメ好きと繋がりたい ,#梅田 #イロドリ三番街 #hankyusanbangai #三番街 
2023/03/12 18:00,Sun,画像,10228,4345,871,4150,122,1.19%,4,0.04%,0.0115226,29,3,#阪急三番街 #hankyusanbangai #三番街 #イロドリ三番街 #阪急三番街グルメ #阪急三番街ランチ #阪急三番街ディナー #阪急三番街テイクアウト #大阪梅田 #梅田 #梅田グルメ #梅田ランチ #梅田ディナー #梅田テイクアウト #大阪 #大阪グルメ #大阪ランチ #大阪ディナー #大阪テイクアウト #大阪グルメ情報 #大阪グルメ巡り #ハワイアングルメ #南国風グルメ #南国グルメ #クリスプサラダワークス #サラダ #アボカド #foofstagram #グルメ好きと繋がりたい ,#イロドリ三番街 #阪急三番街テイクアウト #hankyusanbangai 
2023/03/13 08:00,Mon,画像,10228,4210,354,3907,114,1.11%,1,0.01%,0.0105052,29,4,#阪急三番街 #hankyusanbangai #三番街 #イロドリ三番街 #阪急三番街グルメ #阪急三番街ランチ #阪急三番街ディナー #阪急三番街テイクアウト #大阪梅田 #梅田 #梅田グルメ #梅田ランチ #梅田ディナー #梅田テイクアウト #大阪 #大阪グルメ #大阪ランチ #大阪ディナー #大阪テイクアウト #大阪グルメ情報 #大阪グルメ巡り #ハワイアングルメ #南国風グルメ #南国グルメ #梅蘭 #酢豚 #パイナップル #foofstagram #グルメ好きと繋がりたい ,#hankyusanbangai #パイナップル #イロドリ三番街 #阪急三番街テイクアウト 
2023/03/13 12:00,Mon,画像,10228,4054,669,3795,109,1.07%,5,0.05%,0.0104138,30,2,#阪急三番街 #hankyusanbangai #三番街 #イロドリ三番街 #umedafoodhall #ウメダフードホール #阪急三番街グルメ #阪急三番街ランチ #阪急三番街ディナー #阪急三番街テイクアウト #大阪梅田 #梅田 #梅田グルメ #梅田ランチ #梅田ディナー #梅田テイクアウト #大阪 #大阪グルメ #大阪ランチ #大阪ディナー #大阪テイクアウト #大阪グルメ情報 #大阪グルメ巡り #ハワイアングルメ #南国風グルメ #南国グルメ #らーめんstyleJUNKSTORY #ジャンクストーリー #ナゲット #グルメ好きと繋がりたい ,#hankyusanbangai #阪急三番街テイクアウト 
2023/03/13 15:00,Mon,画像,10228,4203,369,3821,122,1.19%,3,0.03%,0.0114103,30,2,#阪急三番街 #hankyusanbangai #三番街 #イロドリ三番街 #阪急三番街グルメ #阪急三番街カフェ #阪急三番街スイーツ #大阪梅田 #梅田 #梅田グルメ #梅田カフェ #梅田スイーツ #大阪 #大阪グルメ #大阪カフェ #大阪スイーツ #大阪グルメ情報 #大阪グルメ巡り #ハワイアングルメ #ハワイアンスイーツ #南国風グルメ #南国風スイーツ #南国グルメ #南国スイーツ #キムラ #パフェ #フルーツパフェ #グルメ好きと繋がりたい #スイーツ好きな人と繋がりたい #foodstagram ,#hankyusanbangai #イロドリ三番街 
2023/03/14 08:00,Tue,画像,10228,6308,1327,5946,160,1.56%,11,0.11%,0.015605,30,4,#阪急三番街 #hankyusanbangai #三番街 #イロドリ三番街 #umedafoodhall #ウメダフードホール #阪急三番街グルメ #阪急三番街カフェ #阪急三番街スイーツ #大阪梅田 #梅田 #梅田グルメ #梅田カフェ #梅田スイーツ #大阪 #大阪グルメ #大阪カフェ #大阪スイーツ #大阪グルメ情報 #大阪グルメ巡り #ハワイアングルメ #ハワイアンスイーツ #南国風スイーツ #南国グルメ #南国スイーツ #ヨーキーズクレープリー #クレープ #グルメ好きと繋がりたい #スイーツ好きな人と繋がりたい #foodstagram ,#hankyusanbangai #三番街 #阪急三番街 #イロドリ三番街 
2023/03/14 12:00,Tue,画像,10228,4966,1154,4523,125,1.22%,2,0.02%,0.0115897,30,2,#阪急三番街 #hankyusanbangai #三番街 #イロドリ三番街 #阪急三番街グルメ #阪急三番街カフェ #阪急三番街スイーツ #大阪梅田 #梅田 #梅田グルメ #梅田カフェ #梅田スイーツ #大阪 #大阪グルメ #大阪カフェ #大阪スイーツ #大阪グルメ情報 #大阪グルメ巡り #ハワイアングルメ #ハワイアンスイーツ #南国風グルメ #南国風スイーツ #南国グルメ #南国スイーツ #神戸ベル #パンケーキ #ハワイアンパンケーキ #グルメ好きと繋がりたい #スイーツ好きな人と繋がりたい #foodstagram ,#イロドリ三番街 #hankyusanbangai 
2023/03/14 15:00,Tue,画像,10228,4525,463,4180,132,1.29%,8,0.08%,0.0127761,30,2,#阪急三番街 #hankyusanbangai #三番街 #イロドリ三番街 #阪急三番街グルメ #阪急三番街カフェ #阪急三番街スイーツ #大阪梅田 #梅田 #梅田グルメ #梅田カフェ #梅田スイーツ #大阪 #大阪グルメ #大阪カフェ #大阪スイーツ #大阪グルメ情報 #大阪グルメ巡り #ハワイアングルメ #ハワイアンスイーツ #南国風グルメ #南国風スイーツ #南国グルメ #南国スイーツ #茶青花 #パフェ #マンゴー #グルメ好きと繋がりたい #スイーツ好きな人と繋がりたい #foodstagram ,#イロドリ三番街 #hankyusanbangai 
2023/03/15 08:00,Wed,画像,10228,4185,851,3867,133,1.30%,6,0.06%,0.0126709,30,2,#阪急三番街 #hankyusanbangai #三番街 #イロドリ三番街 #阪急三番街グルメ #阪急三番街カフェ #阪急三番街スイーツ #大阪梅田 #梅田 #梅田グルメ #梅田カフェ #梅田スイーツ #大阪 #大阪グルメ #大阪カフェ #大阪スイーツ #大阪グルメ情報 #大阪グルメ巡り #ハワイアングルメ #ハワイアンスイーツ #南国風スイーツ #南国グルメ #南国スイーツ #梅香 #メイシャン #嶺岡スイーツ #マンゴー #グルメ好きと繋がりたい #スイーツ好きな人と繋がりたい #foodstagram ,#イロドリ三番街 #hankyusanbangai 
2023/03/15 12:00,Wed,画像,10228,3200,133,2896,101,0.99%,2,0.02%,0.00938668,29,3,#阪急三番街 #hankyusanbangai #三番街 #イロドリ三番街 #umedafoodhall #ウメダフードホール #阪急三番街グルメ #阪急三番街テイクアウト #大阪梅田 #梅田 #梅田グルメ #梅田テイクアウト #大阪 #大阪グルメ #大阪テイクアウト #大阪グルメ情報 #大阪グルメ巡り #ハワイアングルメ #ハワイアンドリンク #南国風グルメ #南国風ドリンク #南国グルメ #南国ドリンク #1ポンドのステーキハンバーグタケル #タケル #カクテル #グルメ好きと繋がりたい #カクテル好きな人と繋がりたい #foodstagram ,#イロドリ三番街 #阪急三番街テイクアウト #hankyusanbangai 
2023/03/15 15:00,Wed,画像,10228,3610,69,3240,115,1.12%,6,0.06%,0.0110271,27,2,#阪急三番街 #hankyusanbangai #三番街 #イロドリ三番街 #umedafoodhall #ウメダフードホール #阪急三番街グルメ #阪急三番街テイクアウト #大阪梅田 #梅田 #梅田グルメ #梅田テイクアウト #大阪 #大阪グルメ #大阪テイクアウト #大阪グルメ情報 #大阪グルメ巡り #ハワイアングルメ #ハワイアンドリンク #南国風グルメ #南国風ドリンク #南国グルメ #南国ドリンク #ミアキッチン #ソーダフロート #グルメ好きと繋がりたい #foodstagram ,#イロドリ三番街 #阪急三番街テイクアウト 
2023/03/16 08:00,Thu,画像,10228,3193,158,2823,76,0.74%,0,0.00%,0.00692546,30,3,#阪急三番街 #hankyusanbangai #三番街 #イロドリ三番街 #阪急三番街グルメ #阪急三番街カフェ #阪急三番街テイクアウト #大阪梅田 #梅田 #梅田グルメ #梅田カフェ #梅田テイクアウト #大阪 #大阪グルメ #大阪カフェ #大阪テイクアウト #大阪グルメ情報 #大阪グルメ巡り #ハワイアングルメ #ハワイアンドリンク #南国風グルメ #南国風ドリンク #南国グルメ #南国ドリンク #カフェバーンホーフ #バーンホーフ #コナコーヒー #グルメ好きと繋がりたい #コーヒー好きな人と繋がりたい #foodstagram ,#イロドリ三番街 #阪急三番街テイクアウト #hankyusanbangai 
2023/03/16 12:00,Thu,画像,10228,4209,389,3827,125,1.22%,1,0.01%,0.0114817,26,2,#阪急三番街 #hankyusanbangai #三番街 #イロドリ三番街 #阪急三番街グルメ #阪急三番街スイーツ #阪急三番街テイクアウト #大阪梅田 #梅田 #梅田グルメ #梅田スイーツ #梅田テイクアウト #大阪 #大阪グルメ #大阪スイーツ #大阪テイクアウト #大阪グルメ情報 #大阪グルメ巡り #テイクアウトグルメ #旅のお供 #グランマーブル #マーブルデニッシュ #関西限定 #グルメ好きと繋がりたい #パン好きな人と繋がりたい #foodstagram ,#イロドリ三番街 #阪急三番街テイクアウト 
2023/03/16 15:00,Thu,画像,10228,5564,805,5311,147,1.44%,2,0.02%,0.0135775,28,3,#阪急三番街 #hankyusanbangai #三番街 #イロドリ三番街 #阪急三番街グルメ #阪急三番街ランチ #阪急三番街ディナー #阪急三番街テイクアウト #大阪梅田 #梅田 #梅田グルメ #梅田ランチ #梅田ディナー #梅田テイクアウト #大阪 #大阪グルメ #大阪ランチ #大阪ディナー #大阪テイクアウト #大阪グルメ情報 #大阪グルメ巡り #テイクアウトグルメ #旅のお供 #江戸川 #鰻 #江戸焼き #グルメ好きと繋がりたい #foodstagram ,#イロドリ三番街 #阪急三番街テイクアウト #hankyusanbangai 
2023/03/17 08:00,Fri,画像,10228,4715,601,4340,138,1.35%,6,0.06%,0.0131904,25,3,#阪急三番街 #hankyusanbangai #三番街 #イロドリ三番街 #阪急三番街グルメ #阪急三番街スイーツ #阪急三番街テイクアウト #大阪梅田 #梅田 #梅田グルメ #梅田スイーツ #梅田テイクアウト #大阪 #大阪グルメ #大阪スイーツ #大阪テイクアウト #大阪グルメ情報 #大阪グルメ巡り #テイクアウトグルメ #旅のお供 #うちのたまご #エッグタルト #スイーツ好きな人と繋がりたい #グルメ好きと繋がりたい #foodstagram ,#イロドリ三番街 #阪急三番街テイクアウト #hankyusanbangai 
2023/03/17 12:00,Fri,画像,10228,4716,927,4291,113,1.10%,1,0.01%,0.0104424,30,3,#阪急三番街 #hankyusanbangai #三番街 #イロドリ三番街 #阪急三番街グルメ #阪急三番街ランチ #阪急三番街ディナー #阪急三番街テイクアウト #大阪梅田 #梅田 #梅田グルメ #梅田ランチ #梅田ディナー #梅田テイクアウト #大阪 #大阪グルメ #大阪ランチ #大阪ディナー #大阪テイクアウト #大阪グルメ情報 #大阪グルメ巡り #テイクアウトグルメ #旅のお供 #仙台牛たんとお酒もりの屋 #もりの屋 #鰻 #牛たん #牛タン #グルメ好きと繋がりたい #foodstagram ,#イロドリ三番街 #阪急三番街テイクアウト #hankyusanbangai 
2023/03/18 12:00,Sat,画像,10228,4212,236,3873,83,0.81%,5,0.05%,0.00803873,28,3,#阪急三番街 #hankyusanbangai #三番街 #イロドリ三番街 #阪急三番街グルメ #阪急三番街ランチ #阪急三番街ディナー #阪急三番街テイクアウト #大阪梅田 #梅田 #梅田グルメ #梅田ランチ #梅田ディナー #梅田テイクアウト #大阪 #大阪グルメ #大阪ランチ #大阪ディナー #大阪テイクアウト #大阪グルメ情報 #大阪グルメ巡り #テイクアウトグルメ #旅のお供 #久世福商店 #おこわ #鯛おこわ #グルメ好きと繋がりたい #foodstagram ,#イロドリ三番街 #阪急三番街テイクアウト #hankyusanbangai 
2023/03/18 18:00,Sat,画像,10228,5705,222,5474,117,1.14%,11,0.11%,0.0116842,29,4,#阪急三番街 #hankyusanbangai #三番街 #イロドリ三番街 #阪急三番街グルメ #阪急三番街ランチ #阪急三番街ディナー #阪急三番街テイクアウト #大阪梅田 #梅田 #梅田グルメ #梅田ランチ #梅田ディナー #梅田テイクアウト #大阪 #大阪グルメ #大阪ランチ #大阪ディナー #大阪テイクアウト #大阪グルメ情報 #大阪グルメ巡り #テイクアウトグルメ #旅のお供 #金胡麻焙煎所 #胡麻豆腐 #ごま豆腐 #ごまとうふ #グルメ好きと繋がりたい #foodstagram ,#イロドリ三番街 #阪急三番街テイクアウト #hankyusanbangai #金胡麻焙煎所 
2023/03/19 12:00,Sun,カルーセル(3),10228,6402,446,5457,166,1.62%,13,0.13%,0.0163351,29,5,#阪急三番街 #hankyusanbangai #三番街 #イロドリ三番街 #阪急三番街グルメ #阪急三番街ランチ #阪急三番街ディナー #大阪梅田 #梅田 #梅田グルメ #梅田ランチ #梅田ディナー #梅田ラーメン #大阪 #大阪グルメ #大阪ランチ #大阪ディナー #大阪ラーメン #ランチタイム #大阪グルメ情報 #玉五郎 #煮干しラーメン #ちぢれ麺 #食レポ #麺スタグラマー #ラー活 #ラーメン食べ歩き #阪急三番街_中華アジア #阪急三番街_ラーメン ,#阪急三番街 #ランチタイム #イロドリ三番街 #hankyusanbangai #三番街 
2023/03/22 08:00,Wed,カルーセル(3),10228,5244,377,4219,139,1.36%,11,0.11%,0.01374,30,2,#阪急三番街 #hankyusanbangai #三番街 #イロドリ三番街 #阪急三番街グルメ #阪急三番街ランチ #阪急三番街ディナー #大阪梅田 #梅田 #梅田グルメ #梅田ランチ #梅田ディナー #梅田中華 #大阪 #大阪グルメ #大阪ランチ #大阪ディナー #大阪中華 #大阪グルメ情報 #ランチタイム #食レポ #梅蘭 #中華ランチ #週替わり #本格中華 #食べ物グラム #満腹 #foodstagram #阪急三番街_中華アジア #阪急三番街_定食 ,#イロドリ三番街 #hankyusanbangai 
2023/03/24 12:00,Fri,画像,10228,4744,24,4267,73,0.71%,2,0.02%,0.00684431,17,0,#阪急三番街 #hankyusanbangai #三番街 #イロドリ三番街 #阪急三番街グルメ #阪急三番街ランチ #阪急三番街ディナー #阪急三番街カフェ #阪急三番街スイーツ #大阪梅田 #梅田 #梅田グルメ #Sポイント #ポイ活 #ポイントカード #おでかけカード #阪急阪神おでかけカード ,
2023/03/25 12:01,Sat,カルーセル(3),10228,5693,386,4551,142,1.39%,5,0.05%,0.0134002,30,2,#阪急三番街 #hankyusanbangai #三番街 #イロドリ三番街 #阪急三番街グルメ #阪急三番街ランチ #阪急三番街ディナー #大阪梅田 #梅田 #梅田グルメ #梅田ランチ #梅田ディナー #梅田和食 #梅田魚 #大阪 #大阪グルメ #大阪ランチ #大阪ディナー #大阪和食 #大阪魚 #大阪グルメ情報 #焼魚定食と釜戸ごはん梅田食堂 #梅田食堂 #食レポ #焼魚定食 #鰆の西京焼 #和食ごはん #阪急三番街_和食 #阪急三番街_定食 #阪急三番街_寿司海鮮 ,#イロドリ三番街 #hankyusanbangai 
2023/02/01 08:01,Wed,カルーセル(3),10228,5434,330,4597,133,1.30%,16,0.16%,0.0135813,30,3,#阪急三番街 #hankyusanbangai #三番街 #イロドリ三番街 #阪急三番街グルメ #阪急三番街ランチ #阪急三番街ディナー #阪急三番街パスタ #大阪梅田 #梅田 #梅田グルメ #梅田ランチ #梅田ディナー #梅田パスタ #大阪 #大阪グルメ #大阪ランチ #大阪ディナー #大阪パスタ #大阪グルメ情報 #パスタ #和パスタ #クリームパスタ #兵庫県 #食レポ #こなな #バジル #朝摘み #きたあかり #パスタ好きな人と繋がりたい ,#イロドリ三番街 #阪急三番街ディナー #hankyusanbangai 
2023/02/04 12:01,Sat,カルーセル(3),10228,5498,671,4560,132,1.29%,11,0.11%,0.0130367,30,4,#阪急三番街 #hankyusanbangai #三番街 #イロドリ三番街 #阪急三番街グルメ #阪急三番街ランチ #阪急三番街ディナー #大阪梅田 #梅田 #梅田グルメ #梅田ランチ #梅田ディナー #梅田海鮮丼 #大阪 #大阪グルメ #大阪ランチ #大阪ディナー #大阪海鮮丼 #大阪グルメ情報 #大阪グルメ巡り #マルモキッチン #どんぶり #食レポ #海鮮 #サーモン #イクラ #トロたく #グルメ好きと繋がりたい #魚好きな人と繋がりたい #食べ物グラム ,#hankyusanbangai #イロドリ三番街 #阪急三番街 #阪急三番街ディナー 
2023/02/05 12:01,Sun,カルーセル(3),10228,6510,478,5658,190,1.86%,25,0.24%,0.0195935,30,4,#阪急三番街 #hankyusanbangai #三番街 #イロドリ三番街 #阪急三番街グルメ #阪急三番街ランチ #阪急三番街ディナー #阪急三番街テイクアウト #阪急三番街洋食 #大阪梅田 #梅田 #梅田グルメ #梅田ランチ #梅田ディナー #梅田テイクアウト #梅田洋食 #大阪 #大阪グルメ #大阪ランチ #大阪ディナー #大阪テイクアウト #大阪洋食 #大阪グルメ情報 #ミックスグリル #昔洋食みつけ亭 #食レポ #ビフテキ #食べ応え #洋食好きな人と繋がりたい #foodstagam ,#阪急三番街ディナー #hankyusanbangai #イロドリ三番街 #阪急三番街テイクアウト 
2023/02/06 12:00,Mon,画像,10228,5261,1040,4795,110,1.08%,6,0.06%,0.0105733,25,0,#阪急三番街 #hankyusanbangai #三番街 #阪急三番街グルメ #阪急三番街ランチ #阪急三番街ディナー #阪急三番街カフェ #阪急三番街スイーツ #大阪梅田 #梅田 #梅田グルメ #umedafoodhall #梅田フードホール #梅田芸術劇場 #梅芸 #ミュージカル #ドリームガールズ #dreamgirls #ブロードウェイミュージカル #望海風斗 #福原みほ #村川絵梨 #sara #宝塚 #宝塚歌劇団 ,
2023/02/06 14:00,Mon,画像,10228,5183,1605,4816,101,0.99%,8,0.08%,0.00993528,25,2,#阪急三番街 #hankyusanbangai #三番街 #阪急三番街グルメ #阪急三番街ランチ #阪急三番街ディナー #阪急三番街カフェ #阪急三番街スイーツ #大阪梅田 #梅田 #梅田グルメ #umedafoodhall #梅田フードホール #梅田芸術劇場 #梅芸 #ミュージカル #ドリームガールズ #dreamgirls #ブロードウェイミュージカル #望海風斗 #福原みほ #村川絵梨 #sara #宝塚 #宝塚歌劇団 ,#阪急三番街ディナー #hankyusanbangai 
2023/02/07 12:00,Tue,画像,10228,4466,1303,4112,80,0.78%,2,0.02%,0.00749886,25,1,#阪急三番街 #hankyusanbangai #三番街 #阪急三番街グルメ #阪急三番街ランチ #阪急三番街ディナー #阪急三番街カフェ #阪急三番街スイーツ #大阪梅田 #梅田 #梅田グルメ #umedafoodhall #梅田フードホール #梅田芸術劇場 #梅芸 #ミュージカル #ドリームガールズ #dreamgirls #ブロードウェイミュージカル #望海風斗 #福原みほ #村川絵梨 #sara #宝塚 #宝塚歌劇団 ,#hankyusanbangai 
2023/02/07 14:00,Tue,画像,10228,3571,889,3216,64,0.63%,0,0.00%,0.00585277,25,0,#阪急三番街 #hankyusanbangai #三番街 #阪急三番街グルメ #阪急三番街ランチ #阪急三番街ディナー #阪急三番街カフェ #阪急三番街スイーツ #大阪梅田 #梅田 #梅田グルメ #umedafoodhall #梅田フードホール #梅田芸術劇場 #梅芸 #ミュージカル #ドリームガールズ #dreamgirls #ブロードウェイミュージカル #望海風斗 #福原みほ #村川絵梨 #sara #宝塚 #宝塚歌劇団 ,
2023/02/08 12:00,Wed,画像,10228,4443,1126,3989,74,0.72%,2,0.02%,0.00693747,25,0,#阪急三番街 #hankyusanbangai #三番街 #阪急三番街グルメ #阪急三番街ランチ #阪急三番街ディナー #阪急三番街カフェ #阪急三番街スイーツ #大阪梅田 #梅田 #梅田グルメ #umedafoodhall #梅田フードホール #梅田芸術劇場 #梅芸 #ミュージカル #ドリームガールズ #dreamgirls #ブロードウェイミュージカル #望海風斗 #福原みほ #村川絵梨 #sara #宝塚 #宝塚歌劇団 ,
2023/02/15 08:00,Wed,カルーセル(3),10228,6075,266,5240,138,1.35%,25,0.24%,0.0148587,30,2,#阪急三番街 #hankyusanbangai #三番街 #イロドリ三番街 #阪急三番街グルメ #阪急三番街ランチ #阪急三番街ディナー #大阪梅田 #梅田 #梅田グルメ #梅田ランチ #梅田海鮮丼 #梅田飲み #大阪 #大阪グルメ #大阪ランチ #大阪ディナー #大阪海鮮丼 #大阪グルメ情報 #大阪グルメ巡り #食レポ #海鮮居酒屋あいち #海鮮 #海鮮料理 #究極の一品 #マグロ #鮪 #阪急三番街_和食 #阪急三番街_寿司海鮮 #阪急三番街_丼カレー ,#イロドリ三番街 #阪急三番街ディナー 
2023/02/18 12:00,Sat,カルーセル(3),10228,9823,1165,8574,179,1.75%,83,0.81%,0.0239532,30,6,#阪急三番街 #hankyusanbangai #三番街 #イロドリ三番街 #umedafoodhall #ウメダフードホール #阪急三番街グルメ #阪急三番街ランチ #阪急三番街ディナー #阪急三番街テイクアウト #大阪梅田 #梅田 #梅田グルメ #梅田ランチ #梅田ディナー #梅田テイクアウト #梅田ピザ #大阪 #大阪グルメ #大阪ランチ #大阪ディナー #大阪テイクアウト #大阪イタリアン #大阪ピザ #大阪グルメ情報 #食レポ #クワトロフォルマッジ #ペスカ #阪急三番街_洋食 #阪急三番街_パスタピザ ,#hankyusanbangai #三番街 #イロドリ三番街 #阪急三番街ディナー #阪急三番街 #阪急三番街テイクアウト 
2023/02/19 12:01,Sun,カルーセル(3),10228,5159,486,4332,137,1.34%,16,0.16%,0.0139586,29,4,#阪急三番街 #hankyusanbangai #三番街 #イロドリ三番街 #阪急三番街グルメ #阪急三番街ランチ #阪急三番街ディナー #大阪梅田 #梅田 #梅田グルメ #梅田ランチ #梅田ディナー #梅田蕎麦 #大阪 #大阪グルメ #大阪ランチ #大阪ディナー #大阪蕎麦 #大阪お蕎麦 #大阪グルメ巡り #大阪グルメ情報 #食レポ #田毎そば #風流田毎そば #お蕎麦 #牡蠣丼 #阪急三番街_和食 #阪急三番街_丼カレー #阪急三番街_うどん蕎麦 ,#hankyusanbangai #イロドリ三番街 #阪急三番街ディナー #阪急三番街 
2023/02/25 12:00,Sat,画像,10228,5559,378,5492,122,1.19%,13,0.13%,0.0123074,27,3,#阪急三番街 #hankyusanbangai #三番街 #イロドリ三番街 #阪急三番街グルメ #阪急三番街スイーツ #阪急三番街テイクアウト #大阪梅田 #梅田 #梅田グルメ #梅田スイーツ #梅田テイクアウト #大阪 #大阪グルメ #大阪スイーツ #大阪テイクアウト #大阪グルメ情報 #大阪グルメ巡り #ホワイトデー #久世福商店 #キャンディー #苺ミルク飴 #スイーツ好きな人と繋がりたい #foofstagram #ホワイトデーギフト #グルメ好きと繋がりたい #スイーツ好き ,#阪急三番街スイーツ #阪急三番街テイクアウト #イロドリ三番街 
2023/02/25 18:00,Sat,画像,10228,3825,146,3493,86,0.84%,3,0.03%,0.00811304,26,4,#阪急三番街 #hankyusanbangai #三番街 #イロドリ三番街 #阪急三番街グルメ #阪急三番街スイーツ #阪急三番街テイクアウト #大阪梅田 #梅田 #梅田グルメ #梅田スイーツ #梅田テイクアウト #大阪 #大阪グルメ #大阪スイーツ #大阪テイクアウト #大阪グルメ情報 #大阪グルメ巡り #ホワイトデー #ステラおばさんのクッキー #クッキー #スイーツ好きな人と繋がりたい #foofstagram #ホワイトデーギフト #グルメ好きと繋がりたい #スイーツ好き ,#阪急三番街スイーツ #foofstagram #阪急三番街テイクアウト #イロドリ三番街 
2023/02/26 12:00,Sun,画像,10228,3966,263,3702,83,0.81%,0,0.00%,0.00756402,27,5,#阪急三番街 #hankyusanbangai #三番街 #イロドリ三番街 #阪急三番街グルメ #阪急三番街スイーツ #阪急三番街テイクアウト #大阪梅田 #梅田 #梅田グルメ #梅田スイーツ #梅田テイクアウト #大阪 #大阪グルメ #大阪スイーツ #大阪テイクアウト #大阪グルメ情報 #大阪グルメ巡り #ホワイトデー #ムジコム #無印良品 #不揃いバウム #スイーツ好きな人と繋がりたい #foofstagram #ホワイトデーギフト #グルメ好きと繋がりたい #スイーツ好き ,#阪急三番街スイーツ #foofstagram #hankyusanbangai #阪急三番街テイクアウト #イロドリ三番街 
2023/02/26 18:00,Sun,画像,10228,4400,917,4165,93,0.91%,2,0.02%,0.00865682,28,6,#阪急三番街 #hankyusanbangai #三番街 #イロドリ三番街 #阪急三番街グルメ #阪急三番街スイーツ #阪急三番街テイクアウト #大阪梅田 #梅田 #梅田グルメ #梅田スイーツ #梅田テイクアウト #大阪 #大阪グルメ #大阪スイーツ #大阪テイクアウト #大阪グルメ情報 #大阪グルメ巡り #ホワイトデー #宇治園喫茶去 #宇治園 #喫茶去 #金平糖 #スイーツ好きな人と繋がりたい #foofstagram #ホワイトデーギフト #グルメ好きと繋がりたい #スイーツ好き ,#阪急三番街スイーツ #foofstagram #hankyusanbangai #阪急三番街テイクアウト #イロドリ三番街 #宇治園 
2023/02/27 08:00,Mon,画像,10228,3145,131,2884,100,0.98%,2,0.02%,0.00929724,26,1,#阪急三番街 #hankyusanbangai #三番街 #イロドリ三番街 #阪急三番街グルメ #阪急三番街スイーツ #阪急三番街テイクアウト #大阪梅田 #梅田 #梅田グルメ #梅田スイーツ #梅田テイクアウト #大阪 #大阪グルメ #大阪スイーツ #大阪テイクアウト #大阪グルメ情報 #大阪グルメ巡り #ホワイトデー #サロンドロワイヤル #マカロン #スイーツ好きな人と繋がりたい #foofstagram #ホワイトデーギフト #グルメ好きと繋がりたい #スイーツ好き ,#イロドリ三番街 
2023/02/27 12:00,Mon,画像,10228,3316,175,3154,102,1.00%,2,0.02%,0.00947954,28,3,#阪急三番街 #hankyusanbangai #三番街 #イロドリ三番街 #阪急三番街グルメ #阪急三番街スイーツ #阪急三番街テイクアウト #大阪梅田 #梅田 #梅田グルメ #梅田スイーツ #梅田テイクアウト #大阪 #大阪グルメ #大阪スイーツ #大阪テイクアウト #大阪グルメ情報 #大阪グルメ巡り #ホワイトデー #グランマーブル #マーブルデニッシュ #フォンダンショコラ #ベリースイーツ #スイーツ好きな人と繋がりたい #foofstagram #ホワイトデーギフト #グルメ好きと繋がりたい #スイーツ好き ,#イロドリ三番街 #グランマーブル #阪急三番街テイクアウト 
2023/02/28 08:00,Tue,画像,10228,3725,207,3418,94,0.92%,1,0.01%,0.00865761,27,1,#阪急三番街 #hankyusanbangai #三番街 #イロドリ三番街 #阪急三番街グルメ #阪急三番街スイーツ #阪急三番街テイクアウト #大阪梅田 #梅田 #梅田グルメ #梅田スイーツ #梅田テイクアウト #大阪 #大阪グルメ #大阪スイーツ #大阪テイクアウト #大阪グルメ情報 #大阪グルメ巡り #ホワイトデー #ゴディバ #godiva #クッキー #スイーツ好きな人と繋がりたい #foofstagram #ホワイトデーギフト #グルメ好きと繋がりたい #スイーツ好き ,#阪急三番街テイクアウト 
2023/04/12 08:00,Wed,カルーセル(3),10228,12437,2068,10775,361,3.53%,90,0.88%,0.0410971,30,2,#阪急三番街 #hankyusanbangai #三番街 #イロドリ三番街 #阪急三番街グルメ #阪急三番街スイーツ #阪急三番街カフェ #大阪梅田 #梅田 #梅田グルメ #梅田スイーツ #梅田カフェ #梅田クレープ #大阪 #大阪グルメ #大阪スイーツ #大阪カフェ #大阪グルメ情報 #ディッパーダン #クレープ #食レポ #スイーツ好き #苺スイーツ #苺クレープ #甘いもの #カフェ活 #甘党 #食後のデザート #スイーツ #阪急三番街_カフェスイーツ ,#イロドリ三番街 #hankyusanbangai 
2023/04/15 12:01,Sat,カルーセル(3),10228,6997,561,5847,229,2.24%,39,0.38%,0.0244325,30,2,#阪急三番街 #hankyusanbangai #三番街 #イロドリ三番街 #阪急三番街グルメ #阪急三番街スイーツ #阪急三番街カフェ #大阪梅田 #梅田 #梅田グルメ #梅田スイーツ #梅田カフェ #大阪 #大阪グルメ #大阪スイーツ #大阪カフェ #大阪パフェ #大阪グルメ情報 #食レポ #シルクレーム #桜スイーツ #桜パフェ #スイーツ好き #甘いもの #カフェ活 #甘党 #食後のデザート #パフェ部 #スウィーツ #阪急三番街_カフェスイーツ ,#hankyusanbangai #イロドリ三番街 
2023/04/16 12:00,Sun,カルーセル(3),10228,5720,506,4859,182,1.78%,18,0.18%,0.0182266,30,1,#阪急三番街 #hankyusanbangai #三番街 #イロドリ三番街 #umedafoodhall #ウメダフードホール #阪急三番街グルメ #阪急三番街スイーツ #阪急三番街カフェ #大阪梅田 #梅田 #梅田グルメ #梅田スイーツ #梅田カフェ #梅田ケーキ #大阪 #大阪グルメ #大阪スイーツ #大阪カフェ #大阪ケーキ #大阪グルメ情報 #アンドコーヒー #メゾンカイザー #タルトモンジュ #スイーツ好き #甘いもの #カフェ活 #甘党 #食後のデザート #阪急三番街_カフェスイーツ ,#イロドリ三番街 
2023/04/22 12:00,Sat,カルーセル(6),10228,9505,1314,8550,239,2.34%,89,0.87%,0.0298888,30,2,#阪急三番街 #hankyusanbangai #三番街 #イロドリ三番街 #阪急三番街グルメ #阪急三番街スイーツ #阪急三番街カフェ #大阪梅田 #梅田 #梅田グルメ #梅田スイーツ #梅田カフェ #梅田パンケーキ #大阪 #大阪グルメ #大阪スイーツ #大阪カフェ #大阪パンケーキ #大阪グルメ情報 #食レポ #あずさ珈琲 #苺スイーツ #苺パンケーキ #ダッチベイビーパンケーキ #スイーツ好き #甘いもの #カフェ活 #甘党 #信州グルメ #阪急三番街_カフェスイーツ ,#hankyusanbangai #イロドリ三番街 
2023/04/23 12:00,Sun,カルーセル(6),10228,6082,17,5137,219,2.14%,27,0.26%,0.0224966,30,0,#阪急三番街 #hankyusanbangai #三番街 #イロドリ三番街 #阪急三番街グルメ #阪急三番街スイーツ #阪急三番街カフェ #大阪梅田 #梅田 #梅田グルメ #梅田スイーツ #梅田カフェ #大阪 #大阪グルメ #大阪スイーツ #大阪カフェ #大阪パフェ #大阪グルメ情報 #食レポ #帝塚山季 #和スイーツ #和パフェ #スイーツ好き #甘いもの #カフェ活 #パフェ部 #甘党 #食後のデザート #わらび餅パフェ #阪急三番街_カフェスイーツ ,
2023/04/26 08:01,Wed,カルーセル(6),10228,5049,376,4010,186,1.82%,7,0.07%,0.0175934,30,2,#阪急三番街 #hankyusanbangai #三番街 #イロドリ三番街 #阪急三番街グルメ #阪急三番街スイーツ #阪急三番街テイクアウト #大阪梅田 #梅田 #梅田グルメ #梅田スイーツ #梅田テイクアウト #大阪 #大阪グルメ #大阪スイーツ #大阪テイクアウト #大阪グルメ情報 #食レポ #ゴディバ #godiva #ショコリキサー #スイーツ好き #甘いもの #甘党 #ご褒美スイーツ #食後のデザート #リフレッシュタイム #チョコレート大好き #阪急三番街_カフェスイーツ #阪急三番街_テイクアウト ,#hankyusanbangai #イロドリ三番街 
2023/04/26 12:01,Wed,画像,10228,4839,529,4332,117,1.14%,11,0.11%,0.011665,27,1,#hankyusanbangai #三番街 #イロドリ三番街 #阪急三番街グルメ #阪急三番街ランチ #大阪梅田 #梅田 #梅田グルメ #梅田ランチ #梅田イベント #大阪 #大阪グルメ #大阪ランチ #大阪イベント #関西イベント #ゴールデンウィーク #ゴールデンウィークイベント #阪急電車フェスティバル #阪急電車 #阪急電鉄 #阪急電車コラボ #お子様ランチ #おいしいもの #foodstagram #お子様歓迎 #お子様連れ大歓迎 #子鉄 ,#阪急電車フェスティバル 
2023/04/26 15:00,Wed,画像,10228,4827,129,4365,99,0.97%,9,0.09%,0.00984234,27,0,#hankyusanbangai #三番街 #イロドリ三番街 #阪急三番街グルメ #阪急三番街ランチ #大阪梅田 #梅田 #梅田グルメ #梅田ランチ #梅田イベント #大阪 #大阪グルメ #大阪ランチ #大阪イベント #関西イベント #ゴールデンウィーク #ゴールデンウィークイベント #阪急電車フェスティバル #阪急電車 #阪急電鉄 #阪急電車コラボ #お子様ランチ #おいしいもの #foodstagram #お子様歓迎 #お子様連れ大歓迎 #子鉄 ,
2023/04/29 12:00,Sat,カルーセル(2),10228,3660,718,2993,77,0.75%,0,0.00%,0.00703389,30,1,#阪急三番街 #hankyusanbangai #三番街 #イロドリ三番街 #阪急三番街グルメ #阪急三番街ランチ #大阪梅田 #梅田 #梅田グルメ #梅田ランチ #梅田イベント #大阪 #大阪グルメ #大阪ランチ #大阪イベント #大阪おでかけ #関西イベント #ゴールデンウィーク #ゴールデンウィークイベント #阪急電車フェスティバル #阪急電車 #阪急電鉄 #阪急電車コラボ #心斎橋ミツヤ #お子様ランチ #おいしいもの #foodstagram #お子様歓迎 #お子様連れ大歓迎 #子鉄 ,#お子様ランチ 
2023/04/29 15:00,Sat,カルーセル(2),10228,4298,750,3589,85,0.83%,3,0.03%,0.00803873,30,2,#阪急三番街 #hankyusanbangai #三番街 #イロドリ三番街 #umedafoodhall #ウメダフードホール #阪急三番街グルメ #阪急三番街ランチ #大阪梅田 #梅田 #梅田グルメ #梅田ランチ #梅田イベント #大阪 #大阪グルメ #大阪ランチ #大阪イベント #関西イベント #ゴールデンウィークイベント #阪急電車フェスティバル #阪急電車 #阪急電鉄 #阪急電車コラボ #ミアキッチン #お子様ランチ #おいしいもの #foodstagram #お子様歓迎 #お子様連れ大歓迎 #子鉄 ,#大阪梅田 #梅田イベント 
2023/04/29 18:00,Sat,カルーセル(2),10228,3492,390,2954,82,0.80%,0,0.00%,0.00748517,30,0,#阪急三番街 #hankyusanbangai #三番街 #イロドリ三番街 #阪急三番街グルメ #阪急三番街ランチ #大阪梅田 #梅田 #梅田グルメ #梅田ランチ #梅田イベント #大阪 #大阪グルメ #大阪ランチ #大阪イベント #関西イベント #ゴールデンウィーク #ゴールデンウィークイベント #阪急電車フェスティバル #阪急電車 #阪急電鉄 #阪急電車コラボ #とろさば料理専門店sabar #サバー #お子様ランチ #おいしいもの #foodstagram #お子様歓迎 #お子様連れ大歓迎 #子鉄 ,
2023/04/30 12:00,Sun,カルーセル(2),10228,3003,258,2549,66,0.65%,0,0.00%,0.00601641,30,0,#阪急三番街 #hankyusanbangai #三番街 #イロドリ三番街 #umedafoodhall #ウメダフードホール #阪急三番街グルメ #阪急三番街ランチ #大阪梅田 #梅田 #梅田グルメ #梅田ランチ #梅田イベント #大阪 #大阪グルメ #大阪ランチ #大阪イベント #関西イベント #ゴールデンウィークイベント #阪急電車フェスティバル #阪急電車 #阪急電鉄 #阪急電車コラボ #ダパイダン105 #お子様ランチ #おいしいもの #foodstagram #お子様歓迎 #お子様連れ大歓迎 #子鉄 ,
2023/04/30 15:00,Sun,カルーセル(2),10228,3306,418,2745,67,0.66%,2,0.02%,0.00628816,30,0,#阪急三番街 #hankyusanbangai #三番街 #イロドリ三番街 #umedafoodhall #ウメダフードホール #阪急三番街グルメ #阪急三番街ランチ #大阪梅田 #梅田 #梅田グルメ #梅田ランチ #梅田イベント #大阪 #大阪グルメ #大阪ランチ #大阪イベント #関西イベント #ゴールデンウィークイベント #阪急電車フェスティバル #阪急電車 #阪急電車コラボ #1ポンドのステーキハンバーグタケル #ステーキタケル #お子様ランチ #おいしいもの #foodstagram #お子様歓迎 #お子様連れ大歓迎 #子鉄 ,
2023/04/30 18:01,Sun,カルーセル(2),10228,4593,722,3913,101,0.99%,12,0.12%,0.010298,30,2,#阪急三番街 #hankyusanbangai #三番街 #イロドリ三番街 #阪急三番街グルメ #阪急三番街ランチ #大阪梅田 #梅田 #梅田グルメ #梅田ランチ #梅田イベント #大阪 #大阪グルメ #大阪ランチ #大阪イベント #関西イベント #ゴールデンウィークイベント #阪急電車フェスティバル #阪急電車 #阪急電鉄 #阪急電車コラボ #梅メイシャン香 #梅香 #メイシャン #お子様ランチ #おいしいもの #foodstagram #お子様歓迎 #お子様連れ大歓迎 #子鉄 ,#イロドリ三番街 #梅田イベント 